{"towns": {"num_towns": [1032, 342, 157, 102, 72, 43, 31, 28, 19, 14, 14, 14, 12, 12, 9, 9, 8, 6, 6, 5, 4, 4, 3, 3, 3, 3, 2, 2, 2, 2, 2, 2, 2, 2, 1, 1, 1, 1, 1, 1, 1, 1, 1, 1, 1, 1, 1, 1, 1, 1, 1, 1, 1, 1, 1, 1, 1, 1, 1, 1, 1, 1, 1, 1, 1, 1, 1, 1], "num_runners": [1, 2, 3, 4, 5, 6, 8, 7, 10, 9, 11, 12, 21, 14, 13, 23, 15, 17, 16, 32, 24, 26, 30, 22, 53, 18, 43, 25, 50, 54, 56, 82, 19, 31, 27, 28, 29, 2043, 34, 36, 312, 184, 156, 139, 133, 129, 121, 116, 107, 105, 93, 88, 84, 77, 76, 74, 72, 66, 60, 59, 57, 46, 44, 41, 39, 38, 503, 37]}, "age_distribution": {"men": {"21km": {"counts": [0.036933797909407665, 0.03484320557491289, 0.03414634146341464, 0.033449477351916376, 0.033449477351916376, 0.032752613240418116, 0.03240418118466899, 0.0313588850174216, 0.031010452961672475, 0.030662020905923345, 0.030313588850174215, 0.02926829268292683, 0.0289198606271777, 0.02857142857142857, 0.02857142857142857, 0.027874564459930314, 0.027874564459930314, 0.027177700348432057, 0.026829268292682926, 0.0264808362369338, 0.02578397212543554, 0.024738675958188152, 0.024738675958188152, 0.023693379790940768, 0.02264808362369338, 0.02195121951219512, 0.02195121951219512, 0.01951219512195122, 0.01707317073170732, 0.016376306620209058, 0.015331010452961672, 0.015331010452961672, 0.014634146341463415, 0.01289198606271777, 0.01289198606271777, 0.012195121951219513, 0.011846689895470384, 0.011846689895470384, 0.010104529616724738, 0.008013937282229966, 0.007665505226480836, 0.0062717770034843206, 0.003484320557491289, 0.003484320557491289, 0.0031358885017421603, 0.0031358885017421603, 0.0031358885017421603, 0.0027874564459930314, 0.0020905923344947735, 0.0020905923344947735, 0.0017421602787456446, 0.0013937282229965157, 0.0010452961672473868, 0.0010452961672473868, 0.0006968641114982578, 0.0003484320557491289], "ages": [36, 34, 28, 29, 39, 42, 37, 33, 43, 31, 32, 46, 40, 38, 47, 30, 27, 48, 35, 44, 41, 45, 26, 51, 50, 25, 53, 49, 52, 54, 24, 23, 56, 55, 22, 21, 57, 59, 58, 60, 20, 62, 64, 61, 63, 65, 66, 69, 73, 70, 67, 68, 71, 74, 72, 76]}, "42km": {"counts": [0.050505050505050504, 0.04315886134067952, 0.04224058769513315, 0.04040404040404041, 0.03948576675849403, 0.03581267217630854, 0.03305785123966942, 0.031221303948576674, 0.031221303948576674, 0.030303030303030304, 0.030303030303030304, 0.02938475665748393, 0.02938475665748393, 0.028466483011937556, 0.028466483011937556, 0.027548209366391185, 0.02662993572084481, 0.025711662075298437, 0.024793388429752067, 0.024793388429752067, 0.024793388429752067, 0.023875114784205693, 0.02295684113865932, 0.02203856749311295, 0.02203856749311295, 0.020202020202020204, 0.01928374655647383, 0.018365472910927456, 0.01652892561983471, 0.014692378328741965, 0.013774104683195593, 0.013774104683195593, 0.012855831037649219, 0.010101010101010102, 0.010101010101010102, 0.010101010101010102, 0.009182736455463728, 0.008264462809917356, 0.008264462809917356, 0.0073461891643709825, 0.006427915518824609, 0.005509641873278237, 0.004591368227731864, 0.004591368227731864, 0.0036730945821854912, 0.0018365472910927456, 0.0018365472910927456, 0.0018365472910927456, 0.0018365472910927456, 0.0018365472910927456, 0.0018365472910927456, 0.0009182736455463728, 0.0009182736455463728, 0.0009182736455463728], "ages": [42, 44, 43, 41, 33, 38, 49, 48, 35, 50, 31, 40, 30, 37, 45, 46, 47, 52, 34, 51, 55, 36, 39, 29, 32, 27, 57, 53, 56, 26, 54, 58, 25, 60, 21, 28, 59, 24, 61, 22, 62, 23, 65, 63, 64, 20, 66, 67, 68, 69, 70, 72, 71, 76]}, "10km": {"counts": [0.033504138746551046, 0.03232163973196689, 0.03232163973196689, 0.031139140717382736, 0.030744974379188016, 0.0303508080409933, 0.029168309026409146, 0.029168309026409146, 0.029168309026409146, 0.028774142688214426, 0.02837997635001971, 0.027197477335435555, 0.026803310997240835, 0.0260149783208514, 0.0260149783208514, 0.0260149783208514, 0.0260149783208514, 0.025226645644461962, 0.024832479306267245, 0.024832479306267245, 0.02404414662987781, 0.02404414662987781, 0.02404414662987781, 0.023649980291683092, 0.02207331493890422, 0.0216791486007095, 0.02128498226251478, 0.020496649586125345, 0.02010248324793063, 0.019708316909735908, 0.01931415057154119, 0.01891998423334647, 0.016160819865983445, 0.015766653527788728, 0.015372487189594008, 0.014978320851399291, 0.013401655498620418, 0.011430823807646828, 0.010248324793062672, 0.009065825778478517, 0.009065825778478517, 0.008277493102089082, 0.0063066614111154905, 0.005912495072920773, 0.005518328734726055, 0.0043358297201418995, 0.003941663381947182, 0.0035474970437524636, 0.0031533307055577452, 0.0031533307055577452, 0.0027591643673630273, 0.0027591643673630273, 0.001970831690973591, 0.0015766653527788726, 0.0011824990145841545, 0.0011824990145841545, 0.00039416633819471815, 0.00039416633819471815, 0.00039416633819471815, 0.00039416633819471815], "ages": [37, 28, 31, 30, 34, 33, 36, 35, 46, 43, 39, 27, 32, 45, 50, 38, 26, 53, 44, 29, 42, 40, 47, 41, 24, 25, 48, 49, 21, 51, 54, 52, 22, 23, 55, 57, 56, 20, 58, 60, 59, 62, 64, 61, 65, 63, 71, 67, 70, 72, 68, 66, 69, 74, 75, 78, 76, 73, 80, 82]}}, "overall": {"counts": [0.031594659590347456, 0.02877518865577577, 0.028443486192884983, 0.028443486192884983, 0.0280288581142715, 0.027863006882826107, 0.027863006882826107, 0.027863006882826107, 0.027365453188489923, 0.02703375072559914, 0.02703375072559914, 0.026619122646985655, 0.02620449456837217, 0.0254581640268679, 0.025292312795422506, 0.025126461563977114, 0.024545982253918235, 0.024048428559582054, 0.023053321170909694, 0.022970395555186998, 0.022721618708018906, 0.02189236255079194, 0.020897255162119578, 0.020897255162119578, 0.020731403930674186, 0.020399701467783398, 0.019653370926279126, 0.01907289161622025, 0.018326561074715978, 0.016336346297371258, 0.015838792603035078, 0.015672941371589685, 0.014594908367194626, 0.012355916742681815, 0.011941288664068331, 0.011360809354009453, 0.01094618127539597, 0.010531553196782487, 0.010365701965337093, 0.009619371423832821, 0.009619371423832821, 0.009204743345219339, 0.008955966498051249, 0.008624264035160461, 0.008458412803715067, 0.007960859109378887, 0.007463305415042707, 0.007297454183597313, 0.006716974873538436, 0.006716974873538436, 0.00663404925781574, 0.0048926113276391075, 0.0048926113276391075, 0.0048926113276391075, 0.0048096857119164105, 0.0045609088647483205, 0.0042292064018575335, 0.003234099013185173, 0.003234099013185173, 0.002902396550294386, 0.0027365453188489923, 0.002570694087403599, 0.001907289161622025, 0.001658512314453935, 0.001658512314453935, 0.0014097354672858446, 0.0011609586201177544, 0.0010780330043950576, 0.0007463305415042707, 0.0007463305415042707, 0.00033170246289078697, 0.00033170246289078697, 0.0002487768471680902, 0.00016585123144539348, 8.292561572269674e-05, 8.292561572269674e-05], "ages": [28, 37, 31, 29, 33, 36, 27, 42, 30, 32, 34, 35, 39, 44, 43, 26, 41, 38, 40, 45, 46, 25, 48, 47, 24, 50, 23, 51, 49, 22, 53, 52, 21, 54, 55, 57, 6, 56, 20, 19, 7, 8, 17, 58, 18, 9, 5, 10, 59, 16, 60, 14, 12, 11, 62, 15, 61, 13, 65, 64, 63, 66, 69, 67, 70, 71, 68, 72, 73, 74, 75, 76, 78, 82, 80, 79]},